{"cameraMode":{"drawMode":0,"name":"Shaded","section":"Shading Mode"},"sceneLighting":true,"audioPlay":false,"sceneViewState":{"showFog":true,"showMaterialUpdate":true,"showSkybox":true,"showFlares":true,"showImageEffects":true,"showParticleSystems":true},"in2DMode":false,"pivot":{"x":13.898239135742188,"y":-54.88922119140625,"z":51.02953338623047},"rotation":{"x":0.2713920474052429,"y":0.2768094539642334,"z":-0.08182040601968765,"w":0.9181657433509827},"size":344.4436340332031,"orthographic":false}