{"cameraMode":{"drawMode":0,"name":"Shaded","section":"Shading Mode"},"sceneLighting":false,"audioPlay":false,"sceneViewState":{"showFog":true,"showMaterialUpdate":true,"showSkybox":false,"showFlares":true,"showImageEffects":true,"showParticleSystems":true},"in2DMode":false,"pivot":{"x":122.88089752197266,"y":2.023416042327881,"z":156.74575805664063},"rotation":{"x":0.221482053399086,"y":-0.42494943737983706,"z":0.10805492103099823,"w":0.871026873588562},"size":6.202920913696289,"orthographic":true}