{"cameraMode":{"drawMode":0,"name":"Shaded","section":"Shading Mode"},"sceneLighting":false,"audioPlay":false,"sceneViewState":{"showFog":true,"showMaterialUpdate":true,"showSkybox":false,"showFlares":true,"showImageEffects":true,"showParticleSystems":true},"in2DMode":false,"pivot":{"x":111.499755859375,"y":2.790881633758545,"z":164.40211486816407},"rotation":{"x":0.09442436695098877,"y":0.4036688506603241,"z":-0.04192955419421196,"w":0.9090530872344971},"size":11.93692398071289,"orthographic":true}