{"cameraMode":{"drawMode":0,"name":"Shaded","section":"Shading Mode"},"sceneLighting":false,"audioPlay":false,"sceneViewState":{"showFog":true,"showMaterialUpdate":true,"showSkybox":false,"showFlares":true,"showImageEffects":true,"showParticleSystems":true},"in2DMode":false,"pivot":{"x":134.55743408203126,"y":2.503277063369751,"z":-111.5199966430664},"rotation":{"x":0.2659014165401459,"y":-0.26740148663520815,"z":0.07703714817762375,"w":0.9229616522789002},"size":7.341014385223389,"orthographic":true}